ID,Activity,Acc_X,Acc_Y,Acc_Z,Gyro_X,Gyro_Y,Gyro_Z,Mag_X,Mag_Y,Mag_Z,Barometer,GPS_Lat,GPS_Long,Pedometer
1,sedentary,0.03428195201444903,-0.02450591941251392,0.01628213881570158,0.008257671079589735,0.010566156883254239,-0.003867214945277118,33.22275370196333,28.178320317254162,30.4978098432901,1013.4582646777802,2.265762788749176e-05,0.00010281402081805124,0.0
1,sedentary,-0.07003232256789671,-0.011210310059279457,-0.021139151974056983,-0.008455304292316881,0.02005584842872009,0.013292405413286077,23.85293383828654,26.57417659208779,26.48842764169629,1011.5240621685068,-6.164757998923355e-05,5.2836294546053286e-05,0.0
1,sedentary,-0.03701444508656888,0.012313239229286465,0.007958701985156712,0.03218289954481001,0.010867235015075836,0.0103156032355152,32.27858737966985,24.81318763149737,32.91255290267871,1013.7645421495268,7.390396736167445e-05,8.065828741022832e-05,0.0